# FONTES.tsv — a receita do acervo dela: uma linha por imagem, com a URL de onde veio.
# Curadoria de 24/08/2026. As imagens não vão para o git (regra de *.png/*.jpg);
# esta lista vai, e é o que 'scripts/wallpaper.sh semear' usa para reproduzi-las.
arquivo	categoria	url	resolucao
meow-atmosfera-calma-1ky673.png	atmosfera	https://w.wallhaven.cc/full/1k/wallhaven-1ky673.png	3840x2160
meow-atmosfera-calma-28zr39.jpg	atmosfera	https://w.wallhaven.cc/full/28/wallhaven-28zr39.jpg	3840x2160
meow-atmosfera-calma-4yv5qg.jpg	atmosfera	https://w.wallhaven.cc/full/4y/wallhaven-4yv5qg.jpg	1920x1080
meow-atmosfera-calma-5d1yy9.jpg	atmosfera	https://w.wallhaven.cc/full/5d/wallhaven-5d1yy9.jpg	3840x2160
meow-atmosfera-calma-5wel85.png	atmosfera	https://w.wallhaven.cc/full/5w/wallhaven-5wel85.png	1920x1200
meow-atmosfera-calma-odk3x9.jpg	atmosfera	https://w.wallhaven.cc/full/od/wallhaven-odk3x9.jpg	2000x1125
meow-gatos-arte-4op285.jpg	gatos	https://w.wallhaven.cc/full/4o/wallhaven-4op285.jpg	1920x1200
meow-gatos-gato-5wrox5.jpg	gatos	https://w.wallhaven.cc/full/5w/wallhaven-5wrox5.jpg	2560x1440
meow-gatos-gato-g82xrl.jpg	gatos	https://w.wallhaven.cc/full/g8/wallhaven-g82xrl.jpg	1920x1080
meow-gatos-gato-qr3eml.png	gatos	https://w.wallhaven.cc/full/qr/wallhaven-qr3eml.png	2732x1536
meow-gatos-gato-zxqylo.png	gatos	https://w.wallhaven.cc/full/zx/wallhaven-zxqylo.png	1920x1080
meow-lofi-lofi-47z6j3.jpg	lofi	https://w.wallhaven.cc/full/47/wallhaven-47z6j3.jpg	1920x1200
meow-lofi-lofi-4ymrzg.png	lofi	https://w.wallhaven.cc/full/4y/wallhaven-4ymrzg.png	1920x1080
meow-lofi-lofi-6dk77q.jpg	lofi	https://w.wallhaven.cc/full/6d/wallhaven-6dk77q.jpg	2560x1440
meow-lofi-lofi-72exxe.png	lofi	https://w.wallhaven.cc/full/72/wallhaven-72exxe.png	1920x1080
meow-lofi-lofi-72qokv.jpg	lofi	https://w.wallhaven.cc/full/72/wallhaven-72qokv.jpg	3000x1688
meow-lofi-lofi-859z1j.png	lofi	https://w.wallhaven.cc/full/85/wallhaven-859z1j.png	1920x1080
meow-lofi-lofi-85doxj.png	lofi	https://w.wallhaven.cc/full/85/wallhaven-85doxj.png	3840x2160
meow-lofi-lofi-9djwv8.png	lofi	https://w.wallhaven.cc/full/9d/wallhaven-9djwv8.png	2400x1350
meow-lofi-lofi-ey92y8.jpg	lofi	https://w.wallhaven.cc/full/ey/wallhaven-ey92y8.jpg	1920x1080
meow-lofi-lofi-j38rp5.jpg	lofi	https://w.wallhaven.cc/full/j3/wallhaven-j38rp5.jpg	5000x2813
meow-lofi-lofi-jxm66p.jpg	lofi	https://w.wallhaven.cc/full/jx/wallhaven-jxm66p.jpg	2560x1440
meow-lofi-lofi-kxkw1m.jpg	lofi	https://w.wallhaven.cc/full/kx/wallhaven-kxkw1m.jpg	2295x1287
meow-lofi-lofi-l3jvo2.jpg	lofi	https://w.wallhaven.cc/full/l3/wallhaven-l3jvo2.jpg	1920x1080
meow-lofi-lofi-m31l2y.jpg	lofi	https://w.wallhaven.cc/full/m3/wallhaven-m31l2y.jpg	2048x1152
meow-lofi-lofi-nrdpkq.jpg	lofi	https://w.wallhaven.cc/full/nr/wallhaven-nrdpkq.jpg	1920x1200
meow-lofi-lofi-oxowr5.png	lofi	https://w.wallhaven.cc/full/ox/wallhaven-oxowr5.png	1920x1080
meow-lofi-lofi-q69yz7.jpg	lofi	https://w.wallhaven.cc/full/q6/wallhaven-q69yz7.jpg	1920x1080
meow-lofi-lofi-r29w2m.jpg	lofi	https://w.wallhaven.cc/full/r2/wallhaven-r29w2m.jpg	2400x1352
meow-atmosfera-pintada-0q6ee5.jpg	atmosfera	https://w.wallhaven.cc/full/0q/wallhaven-0q6ee5.jpg	1920x1200
meow-atmosfera-pintada-0w39z6.jpg	atmosfera	https://w.wallhaven.cc/full/0w/wallhaven-0w39z6.jpg	1920x1080
meow-atmosfera-pintada-21gj1y.png	atmosfera	https://w.wallhaven.cc/full/21/wallhaven-21gj1y.png	1920x1080
meow-atmosfera-pintada-21klpm.png	atmosfera	https://w.wallhaven.cc/full/21/wallhaven-21klpm.png	3840x2160
meow-atmosfera-pintada-g8md2q.jpg	atmosfera	https://w.wallhaven.cc/full/g8/wallhaven-g8md2q.jpg	1920x1080
meow-atmosfera-pintada-yxl3gx.jpg	atmosfera	https://w.wallhaven.cc/full/yx/wallhaven-yxl3gx.jpg	3840x2160
meow-pixel-pixel-392ljv.jpg	pixel	https://w.wallhaven.cc/full/39/wallhaven-392ljv.jpg	1920x1080
meow-pixel-pixel-3z5lq9.jpg	pixel	https://w.wallhaven.cc/full/3z/wallhaven-3z5lq9.jpg	3200x1800
meow-pixel-pixel-4gmmge.jpg	pixel	https://w.wallhaven.cc/full/4g/wallhaven-4gmmge.jpg	1920x1080
meow-pixel-pixel-9589pd.png	pixel	https://w.wallhaven.cc/full/95/wallhaven-9589pd.png	2000x1126
meow-pixel-pixel-lm6jpq.jpg	pixel	https://w.wallhaven.cc/full/lm/wallhaven-lm6jpq.jpg	1920x1080
meow-pixel-pixel-lqyjzq.png	pixel	https://w.wallhaven.cc/full/lq/wallhaven-lqyjzq.png	1920x1080
meow-pixel-pixel-x6ydjo.png	pixel	https://w.wallhaven.cc/full/x6/wallhaven-x6ydjo.png	5120x2880
meow-atmosfera-silh-nz61qv.png	atmosfera	https://w.wallhaven.cc/full/nz/wallhaven-nz61qv.png	1920x1080
meow-atmosfera-silh-ode73l.jpg	atmosfera	https://w.wallhaven.cc/full/od/wallhaven-ode73l.jpg	2560x1440
