arquivo	url	origem	descricao
ref-catppuccin-cosmic-preview.webp	https://raw.githubusercontent.com/catppuccin/cosmic-desktop/main/assets/preview.webp	github.com/catppuccin/cosmic-desktop (preview oficial do tema, mesma imagem usada na issue catppuccin/catppuccin#2373)	Painel de Aparencia do COSMIC Settings lado a lado, dark e light, mostrando as cores de destaque Catppuccin
ref-deviantart-cosmic-catppuccin.png	https://images-wixmp-ed30a86b8c4ca887773594c2.wixmp.com/f/0a7cc82a-8644-4fc1-97fc-3be37e2f0c59/dldm2dt-da07113c-ec35-4a0b-b394-309ff16ef749.png	DeviantArt, max455555 "Cosmic DE Catppuccin"	Desktop COSMIC real com dock de apps embaixo e um orbe/launcher circular a esquerda, tema Catppuccin Macchiato
ref-unixporn-catppuccinv2.png	https://safereddit.com/preview/pre/xyvm7ibfkf291.png	r/unixporn, post "OC catppuccin version 2 is here"	Varias janelas de terminal em cascata sobre paisagem pastel, mostrando a paleta Catppuccin em varios apps
ref-unixporn-cosmic-archpunk.png	https://safereddit.com/preview/pre/x69yhwmu0rqe1.png	r/unixporn, post "COSMIC archpunk v2"	Terminal com fastfetch aberto sobre wallpaper noturno de predio com neon, clima cyberpunk/noturno
ref-unixporn-cosmic-dailydrive.jpg	https://safereddit.com/preview/pre/4fy9b4aq2kde1.jpg	r/unixporn, post "COSMIC my daily drive"	Wallpaper anime dark fantasy (personagem alada) com dock do COSMIC visivel na base da tela
ref-unixporn-cosmic-newdaily.png	https://safereddit.com/preview/pre/0291m0l1b1hf1.png	r/unixporn, post "COSMIC my new daily driver testing out cosmic"	Layout em tiling com varias janelas verde/vermelho vivo e barra superior com icones de workspace
ref-unixporn-cosmic-orangd.png	https://safereddit.com/preview/pre/wi74b8w6r5sf1.png	r/unixporn, post "COSMIC orang_d"	Desktop minimalista escuro com wallpaper geometrico de montanha laranja, dock discreto
ref-unixporn-cosmic-purplelogo.png	https://safereddit.com/preview/pre/hmt57e1thbef1.png	r/unixporn, post "COSMIC i have purple in my logo am i cool"	Editor de codigo aberto sobre wallpaper gradiente rosa/roxo vibrante, painel superior e dock do COSMIC visiveis
ref-unixporn-cosmic-rice3.png	https://safereddit.com/preview/pre/6ti6uc44hvlg1.png	r/unixporn, post "COSMIC rice number 3, cosmic has auto firefox"	Wallpaper anime cyberpunk roxo/rosa com barra superior translucida do COSMIC
ref-unixporn-cosmic-zensetup.png	https://safereddit.com/preview/pre/lgtszr0t4uqe1.png	r/unixporn, post "COSMIC my zen setup"	Wallpaper claro de astronauta no espaco com popup de trecho de codigo flutuando por cima, tema light
ref-unixporn-hyprland-catppuccin-nier.png	https://safereddit.com/preview/pre/sb0vuzyaf1jd1.png	r/unixporn, post "hyprland catppuccin nier automata"	Wallpaper anime da personagem 2B (Nier Automata) com barra/painel translucido visivel no topo
ref-unixporn-hyprland-nordicrice.png	https://safereddit.com/preview/pre/ap1wmp5xqbjd1.png	r/unixporn, post "hyprland a peaceful nordic rice"	Wallpaper de floresta com dialogo em balao estilo comico, barra superior colorida cheia de widgets (clima, rede, som)
ref-unixporn-torvalds-pixelart-wallpaper.png	https://safereddit.com/preview/pre/2jkijou1ypbg1.png	r/unixporn, post "OC linus torvalds wallpaper but pixel art"	Desktop limpo so com wallpaper pixel art de porto ao entardecer, barra superior minima
ref-unixporn-xfce-pixelart-minimal.png	https://safereddit.com/preview/pre/ah844n6zzt3g1.png	r/unixporn, post "xfce arch linux pixel art minimalismo"	Wallpaper pixel art de templo japones com folhas de outono, terminal com fastfetch aberto ao lado
